9.963733087133551658e-01,-9.992954992213004539e-02,-1.508983464850149225e+00,7.535196391737081223e-01
9.987030337356754828e-01,-1.003424265472827037e-01,-1.515000536785951368e+00,7.560598002137266516e-01
1.007597688715003104e+00,-1.006256958848044392e-01,-1.507487939607107474e+00,7.524683826150463384e-01
9.938536494290134415e-01,-9.987487632951989880e-02,-1.510663610326593798e+00,7.528822941199641017e-01
9.967546909436415525e-01,-9.998917075663403542e-02,-1.515854745660359937e+00,7.562168139662901467e-01
9.969865410103335712e-01,-1.001415732920533375e-01,-1.517873074685846202e+00,7.561899130121839674e-01
9.955842797564512514e-01,-1.001473042571298100e-01,-1.508539978286281391e+00,7.531580080338644567e-01
1.001102890128696465e+00,-1.002480110875556135e-01,-1.500312673039942979e+00,7.511532989858966669e-01
9.999667586307153799e-01,-1.005385377548018710e-01,-1.501054764702848709e+00,7.511168709552605849e-01
1.002223013549613517e+00,-1.000525178388200348e-01,-1.519328606008472082e+00,7.554981789945136583e-01
9.977213686688508609e-01,-1.002181142209897652e-01,-1.520919086297379819e+00,7.565529052138402211e-01
9.948485560081992141e-01,-9.985275145888271309e-02,-1.521542910580873320e+00,7.593910864410421402e-01
9.986246118669211969e-01,-1.005237495328531183e-01,-1.511679504516838080e+00,7.560224891970508398e-01
9.947548523434736056e-01,-9.983435458699448095e-02,-1.507697255336683195e+00,7.543503938851002788e-01
9.966409143294832074e-01,-1.003030051398096922e-01,-1.508670584446057727e+00,7.542343506525436281e-01
9.965819711973025186e-01,-9.988814744070755036e-02,-1.515454063364397141e+00,7.557889706554856701e-01
9.939237479521351171e-01,-1.001437931726144315e-01,-1.503232641928022417e+00,7.532060023605370302e-01
9.945191253608470783e-01,-9.998980298143397838e-02,-1.502597790272836020e+00,7.526636355472233753e-01
1.001874158732391829e+00,-1.004572205179758010e-01,-1.502198347964439185e+00,7.517831378810968523e-01
9.957476236034035200e-01,-9.986353878710133025e-02,-1.507024633998352847e+00,7.531941754857268689e-01
1.002280687065306264e+00,-1.007425938087920664e-01,-1.508842421363004949e+00,7.546188918862322126e-01
1.004136191630353725e+00,-1.006117163710854578e-01,-1.515897318422962714e+00,7.571074507472445037e-01
9.929690824649327618e-01,-9.992484031471887684e-02,-1.501026636983081142e+00,7.529817828635965160e-01
1.005823487703919161e+00,-1.010829303882358893e-01,-1.502064992647735853e+00,7.522881080721899316e-01
9.861340097560391538e-01,-9.911827466268897935e-02,-1.510495348076599909e+00,7.539298901578914691e-01
1.007025407545680373e+00,-1.009143132378800822e-01,-1.495435411764724387e+00,7.494258556252659798e-01
9.980081357789822860e-01,-9.986444895926108178e-02,-1.504131681185083780e+00,7.527049543835488965e-01
1.001681115187341486e+00,-1.008193383422708589e-01,-1.503820004670630484e+00,7.520550711280717948e-01
1.000355371435679208e+00,-1.004290188237480230e-01,-1.504460953866602058e+00,7.528216397500346879e-01
9.952962984420440362e-01,-9.961694049433721110e-02,-1.514113411961113265e+00,7.541167385472798967e-01
9.904822265591098907e-01,-9.885404038924834602e-02,-1.517917531717796642e+00,7.557490514624910505e-01
9.969519721997072148e-01,-9.969655115314354776e-02,-1.510903153586613756e+00,7.542270268325282911e-01
9.980139518968534906e-01,-9.998670314489838118e-02,-1.510939219524543464e+00,7.548131716764443500e-01
9.967309590388255813e-01,-9.978344946010443695e-02,-1.515616526039420320e+00,7.560953836867635447e-01
9.890054517458104488e-01,-1.001509231623029517e-01,-1.515690378067156674e+00,7.559432394987480874e-01
1.006403821709600743e+00,-1.006150926626789011e-01,-1.508279127045230483e+00,7.541405915167180840e-01
9.928791008957575936e-01,-9.939355850746582621e-02,-1.507681383283755894e+00,7.531687845709553741e-01
9.973129105991493937e-01,-1.003132037826097167e-01,-1.511414191232840709e+00,7.518455930570264734e-01
1.005565467254128098e+00,-1.005889105070264522e-01,-1.512179832484179753e+00,7.523095290289836257e-01
9.969935589765858142e-01,-9.984277019821719001e-02,-1.506685255848090321e+00,7.502818061825764495e-01
1.003467322278837948e+00,-1.005846890521819720e-01,-1.498911474668842114e+00,7.494068919102896409e-01
1.001061087377077774e+00,-1.005008548790151529e-01,-1.499790093148177572e+00,7.494262476629431902e-01
9.982560726396298989e-01,-1.004891432110018162e-01,-1.498094059523375154e+00,7.503244957206026688e-01
1.002225256606978254e+00,-1.005872861256697781e-01,-1.501005069727626928e+00,7.521070118012332939e-01
1.000868467123372740e+00,-9.990837470419976218e-02,-1.499190307680459355e+00,7.522117025146657365e-01
9.970725669449342909e-01,-9.998134685018231216e-02,-1.503889279843461546e+00,7.534626055898983044e-01
1.003210690569979580e+00,-1.004459983937295575e-01,-1.515260499740382683e+00,7.549646120625493895e-01
1.004323481126973894e+00,-1.007134613754495506e-01,-1.511699055196021435e+00,7.549261122068076091e-01
9.920199483557099462e-01,-9.988556194287918910e-02,-1.511609419778157104e+00,7.543397435229819425e-01
1.001154170920238728e+00,-1.002471846864064486e-01,-1.510248186121297742e+00,7.548669994140739803e-01
1.004245327471035232e+00,-1.009228144531365556e-01,-1.499683193583307483e+00,7.528508112916658668e-01
9.929712128143451944e-01,-1.001412036750764095e-01,-1.511122661635400544e+00,7.537958205144525969e-01
1.004016388553765182e+00,-1.004957636647806768e-01,-1.518247496976777411e+00,7.560083198262366189e-01
9.991997837180779385e-01,-1.005526112651329990e-01,-1.521992885144546559e+00,7.565261058125628546e-01
9.947751854036069874e-01,-1.002985789710064274e-01,-1.520250375382450336e+00,7.566460668708031578e-01
1.002361117035457605e+00,-1.008496031732573628e-01,-1.529360485376273004e+00,7.598167259469997825e-01
9.998049279038536685e-01,-1.006836412555742327e-01,-1.511503202549744795e+00,7.549641861342353266e-01
9.952075827781369233e-01,-1.001684981452064943e-01,-1.515728850499149960e+00,7.554357944563614424e-01
9.991987511342338424e-01,-1.002484568217506256e-01,-1.511494308549613752e+00,7.553957317848574160e-01
9.980557958235497518e-01,-1.002303841151379188e-01,-1.506024472157134309e+00,7.540277904734148384e-01
1.003158591305333136e+00,-1.004927038050454358e-01,-1.510432736434162093e+00,7.547919009112123989e-01
9.886642198058677167e-01,-9.957524187268776417e-02,-1.505414699814314750e+00,7.519282682593005918e-01
9.955103417933359733e-01,-1.000675857436680166e-01,-1.509991373642687318e+00,7.534908730895605311e-01
1.001844704845002099e+00,-1.003751506371735602e-01,-1.503411940317153084e+00,7.507834021992376705e-01
9.938445815356007351e-01,-9.978822154912027342e-02,-1.511834606782253454e+00,7.527616699086501217e-01
9.955769733898889307e-01,-9.982594818934800718e-02,-1.513959560671482407e+00,7.526654198791788986e-01
9.949306076404309529e-01,-9.975015282460676647e-02,-1.514228811802538877e+00,7.525013474505208855e-01
9.912351989316057210e-01,-9.965659046705228896e-02,-1.502564756055358774e+00,7.495807216052073896e-01
9.947860856156861553e-01,-9.977546975399136098e-02,-1.516594172799194729e+00,7.537184500094612494e-01
1.002096393111521433e+00,-1.002675096392728060e-01,-1.517517686577604552e+00,7.546016262773657113e-01
9.930968303161199495e-01,-9.985600308714970286e-02,-1.500303461891193901e+00,7.497696261414631413e-01
1.005623669772464979e+00,-1.007123847023315560e-01,-1.502884546094698681e+00,7.512753057260858069e-01
1.000815009698811098e+00,-1.004276005103353353e-01,-1.505407318857897803e+00,7.522111041924390840e-01
1.003491586844110994e+00,-1.006877365767908650e-01,-1.496945446221344733e+00,7.498265469549323381e-01
9.939532153806670545e-01,-1.002264903880066976e-01,-1.499439912803954389e+00,7.502066371385075483e-01
1.005822479753639032e+00,-1.008628296131607593e-01,-1.489429695993923941e+00,7.478928396071290452e-01
1.008752631422598967e+00,-1.007049491424226867e-01,-1.485313662793139589e+00,7.462421452227756546e-01
9.995559128351023670e-01,-1.000785677027842546e-01,-1.491252447643506063e+00,7.475601831266401875e-01
9.962508559749967407e-01,-9.977624108124522051e-02,-1.492457388196285040e+00,7.472886029037539846e-01
9.931541627278633877e-01,-9.990820649225214123e-02,-1.493119146778143058e+00,7.474569443229837074e-01
9.943254177993131604e-01,-1.003032050852353807e-01,-1.496394018938836057e+00,7.483098816766581285e-01
1.003547482631228505e+00,-1.011046500034884915e-01,-1.496346963389654450e+00,7.490141031605205280e-01
1.003547482631228505e+00,-1.011046500034884915e-01,-1.496346963389654450e+00,7.490141031605205280e-01
1.006660776941879609e+00,-1.009703864733161038e-01,-1.493460184438711869e+00,7.479213651220528725e-01
9.984636038367056265e-01,-1.005401842522241768e-01,-1.494301729199912776e+00,7.475249555863748840e-01
1.005142257277903850e+00,-1.005222375485053526e-01,-1.503867914912696779e+00,7.505328193316503915e-01
9.892202391954454388e-01,-9.866235974097356531e-02,-1.509299850194664172e+00,7.512827849949127446e-01
1.000838756211572589e+00,-1.000336154663389460e-01,-1.525670030602847671e+00,7.558185845988592000e-01
1.005111239013460445e+00,-9.960526430220265071e-02,-1.506977717205166156e+00,7.510952340233493230e-01
9.955812376455944746e-01,-1.002551867661466145e-01,-1.505214196665616733e+00,7.502001954202136558e-01
9.976397384255707435e-01,-1.000977261431274107e-01,-1.501955810545471337e+00,7.494287196306572696e-01
1.004341531942079202e+00,-1.005718033650358501e-01,-1.514486545477235158e+00,7.529773043878826844e-01
1.006583553504133643e+00,-1.006212305127027751e-01,-1.511094461709802328e+00,7.522215863828121130e-01
9.921580905041348375e-01,-9.976192065592885683e-02,-1.503542056760027945e+00,7.497057366507088316e-01
1.006430936229258277e+00,-1.005112283937260875e-01,-1.507785935095737218e+00,7.513525714791630117e-01
9.984253398405147362e-01,-1.003425160171537434e-01,-1.508766407118272479e+00,7.513211150652305825e-01
1.002651575300352871e+00,-1.006174987126217391e-01,-1.511694158460740178e+00,7.522627798924216291e-01
9.898193093437820389e-01,-9.916182458815492318e-02,-1.514017825509976989e+00,7.525214664744879212e-01
9.898193093437820389e-01,-9.916182458815492318e-02,-1.514017825509976989e+00,7.525214664744879212e-01
1.000643869821163934e+00,-1.000977354702827227e-01,-1.506860337084642509e+00,7.508686544734298751e-01
9.994060888570694967e-01,-1.004044857847507521e-01,-1.501292274441260011e+00,7.494259067906092753e-01
9.985997685577557847e-01,-9.955525458837376218e-02,-1.494386512226727470e+00,7.476539412409756169e-01
1.003536936987320383e+00,-1.006131337019824518e-01,-1.492204412893319621e+00,7.472193242248320599e-01
9.990793737095714500e-01,-9.979752056188231912e-02,-1.502432585368811413e+00,7.496761312044237791e-01
9.940901803938750891e-01,-9.940976171498173974e-02,-1.507895668194209504e+00,7.509570758734191998e-01
9.992166663718916597e-01,-9.982333083551271635e-02,-1.503937474596928059e+00,7.500566021736414513e-01
9.934439684227266421e-01,-9.957216039223575066e-02,-1.521099660140051935e+00,7.543971804816544946e-01
9.930108441922632645e-01,-9.956122467487932282e-02,-1.518294873270957801e+00,7.536112160916556002e-01
9.945021207696074228e-01,-9.962955955082929138e-02,-1.525512866006172530e+00,7.555475506485654913e-01
9.927945774251114575e-01,-9.929457954476011983e-02,-1.519614636570583821e+00,7.539735920567444127e-01
9.915365558484678932e-01,-9.966272428610832568e-02,-1.514975568089128144e+00,7.529084166233001030e-01
9.972465941855024329e-01,-9.943911213955060335e-02,-1.512126452931354503e+00,7.524649556569016351e-01
1.007703434290212696e+00,-1.008802738701257279e-01,-1.512229432070148594e+00,7.527674010035722008e-01
9.909610297471739271e-01,-9.937723044842472486e-02,-1.508317296155353704e+00,7.511658644706540322e-01
1.008807415086342640e+00,-1.007924619916725217e-01,-1.513854796024245886e+00,7.532291844979804862e-01
1.000157329301674558e+00,-1.000731068231061199e-01,-1.498408642870332708e+00,7.488588355671423891e-01
1.000157329301674558e+00,-1.000731068231061199e-01,-1.498408642870332708e+00,7.488588355671423891e-01
9.985483965939287998e-01,-1.001163583614861491e-01,-1.502544023056322953e+00,7.498694841413979795e-01
9.993205490043680639e-01,-9.976139130897572482e-02,-1.513770538980550473e+00,7.529585892447668849e-01
9.990845590863187686e-01,-9.966721823187708884e-02,-1.503162002482271387e+00,7.500900060635250499e-01
1.006905388859379302e+00,-1.008914170097000157e-01,-1.516678098275419773e+00,7.539374431649313868e-01
1.001142464764103623e+00,-9.924805395222532911e-02,-1.514358814741137538e+00,7.530834364962527561e-01
9.934767871915646253e-01,-1.003051867544445253e-01,-1.507380742914122607e+00,7.509933928292238381e-01
1.001056109182210108e+00,-9.983325309481333454e-02,-1.521355470856737835e+00,7.549798884964268320e-01
9.898079157478101298e-01,-9.946549262622660093e-02,-1.509126718920457355e+00,7.511677990804712657e-01
9.997498210364845761e-01,-9.997442139015301488e-02,-1.500682963508985335e+00,7.493846978282059368e-01
1.002853072249927591e+00,-1.006307303530926678e-01,-1.505705389013606510e+00,7.512748299084685000e-01
9.932147660802342903e-01,-9.921728826132317214e-02,-1.511987850344447049e+00,7.522110122809780863e-01
1.000662317282986935e+00,-1.004957958725140876e-01,-1.515145412134244474e+00,7.533528587475190053e-01
9.931256586503807160e-01,-9.924777176898447184e-02,-1.504897868507945491e+00,7.510241593827039486e-01
1.000912579226545418e+00,-1.007564725247824117e-01,-1.510246434247418890e+00,7.528899936959690953e-01
9.858313221475725197e-01,-9.880019797986183683e-02,-1.508012100768748143e+00,7.518859355397889965e-01
9.982694747279392544e-01,-1.005756549231561908e-01,-1.509499676749922914e+00,7.525369404092018266e-01
1.008930759461471816e+00,-1.006093467885410542e-01,-1.503060231849738804e+00,7.513994477790046922e-01
9.981774118623273351e-01,-1.007324436175069254e-01,-1.487334098832241214e+00,7.467525091947345706e-01
9.928404185967083517e-01,-9.955186820837677586e-02,-1.498201498991092118e+00,7.496206346907612339e-01
1.011552668962749202e+00,-1.013193842332126143e-01,-1.503671037413167655e+00,7.518603459228287988e-01
9.995006353611951555e-01,-1.002534014257446260e-01,-1.488740724345140931e+00,7.475237905224575430e-01
1.003021270305459067e+00,-1.003513621241193671e-01,-1.501799493928641205e+00,7.509034699503209787e-01
9.977143257364438078e-01,-1.001392326988770343e-01,-1.500843513812226027e+00,7.502380689835679295e-01
1.001229497052266604e+00,-1.007960534756158211e-01,-1.511683018696332814e+00,7.531946782603302637e-01
1.005307601850863986e+00,-1.004004611400134694e-01,-1.508529634273485964e+00,7.524984732236410512e-01
9.988711877665684691e-01,-1.002688224064505751e-01,-1.504585480637243400e+00,7.512144361839210305e-01
9.985038191263734264e-01,-1.001814418977908100e-01,-1.498832083125604564e+00,7.496872962299212517e-01
9.985038191263734264e-01,-1.001814418977908100e-01,-1.498832083125604564e+00,7.496872962299212517e-01
9.932027907132879863e-01,-9.991434776801856599e-02,-1.502177388442816008e+00,7.503478415034137150e-01
9.978176194858061621e-01,-9.955582970523715880e-02,-1.519977168622052233e+00,7.553789551180433159e-01
9.951570078310255640e-01,-9.896662038464851263e-02,-1.519560706690584073e+00,7.553038104162052013e-01
9.999148942189627354e-01,-1.004530062169495946e-01,-1.498763949553539643e+00,7.497430639349217385e-01
1.000176389311142611e+00,-1.002857743524395301e-01,-1.506311264690193275e+00,7.517066693721109472e-01
1.004056673281169099e+00,-1.000945147023791365e-01,-1.503033577929554498e+00,7.506826255038916429e-01
9.899529699353022405e-01,-9.964626925206171437e-02,-1.499693017916765347e+00,7.489874187527828520e-01
9.974147886700728272e-01,-9.962279778295206334e-02,-1.507582133979891825e+00,7.511209331532897604e-01
1.000448626295364241e+00,-1.003340208478202406e-01,-1.505753547812174631e+00,7.508115388987449679e-01
9.938793681278231817e-01,-1.001293750632542279e-01,-1.511188411629003969e+00,7.518555142767965327e-01
9.976419466071247966e-01,-1.001396097176622674e-01,-1.511515411872629722e+00,7.520553508625497097e-01
1.004652950837580105e+00,-1.000645254152441321e-01,-1.513489342006474114e+00,7.530712753213572030e-01
9.970666623578577914e-01,-9.960373245196744996e-02,-1.519560458454618956e+00,7.543206815177673219e-01
1.006009034135978197e+00,-1.003314678909204838e-01,-1.510119304436198018e+00,7.519889997123964109e-01
1.005060144313119075e+00,-1.008008767133662664e-01,-1.500841880078343848e+00,7.498044975420752323e-01
9.999320385217129736e-01,-1.001985089339134383e-01,-1.509116017396803677e+00,7.517980070296587103e-01
9.952299824447093934e-01,-1.000899048346568648e-01,-1.482930449142368490e+00,7.446099235874411582e-01
1.004389683397964417e+00,-1.003601911628580062e-01,-1.493567259383331569e+00,7.476323173603498518e-01
9.971097067669772995e-01,-1.002530153410759323e-01,-1.494275839028613717e+00,7.475074968729907843e-01
9.951064772167373951e-01,-9.944821218410224151e-02,-1.504470394935987443e+00,7.501363090829440416e-01
9.949794697680490740e-01,-9.932985969607911747e-02,-1.503363312480435976e+00,7.498396551221501172e-01
1.001271559761987451e+00,-1.001805243254389605e-01,-1.508732136476515828e+00,7.514676196431007149e-01
9.972433824167241667e-01,-9.997753967336958647e-02,-1.497897235250287284e+00,7.483808550850356012e-01
9.901350426342181432e-01,-9.959355112638849927e-02,-1.504717248185180267e+00,7.498357401840609615e-01
1.007896846662228230e+00,-1.005148510633645520e-01,-1.515147404905541562e+00,7.532236596317855026e-01
9.956484822164809456e-01,-9.964150290107318120e-02,-1.515954097035202341e+00,7.528845785207682884e-01
1.001958129337918724e+00,-9.990898156751278070e-02,-1.518357682007288600e+00,7.538069380359956329e-01
9.975399455713152008e-01,-9.978539695402885434e-02,-1.513761228496667277e+00,7.523478054988176345e-01
9.998333959257387216e-01,-9.993478925702634075e-02,-1.512341509166811759e+00,7.513827392944799621e-01
9.956282567997524202e-01,-9.986451766684745213e-02,-1.509350414325151490e+00,7.499920591093640621e-01
1.002500125367711270e+00,-1.003631135435378297e-01,-1.512551914607481951e+00,7.512465893581650178e-01
9.934674804143697191e-01,-9.948535408139441705e-02,-1.501036595308688382e+00,7.479403875845168637e-01
1.001575115394178761e+00,-1.004136733266421388e-01,-1.510396119509288981e+00,7.507522839478372179e-01
9.921499914249751750e-01,-9.924531664336966319e-02,-1.511256492461558354e+00,7.506414898274932357e-01
9.980823284042549259e-01,-9.986503589860404317e-02,-1.512406539604855382e+00,7.512075009976295625e-01
1.000483504122839484e+00,-1.000096105986803680e-01,-1.511220823940675917e+00,7.510685701917536594e-01
1.001696477409641295e+00,-1.001957162089176512e-01,-1.515025855716181757e+00,7.520424561618875847e-01
1.001696477409641295e+00,-1.001957162089176512e-01,-1.515025855716181757e+00,7.520424561618875847e-01
1.001696477409641295e+00,-1.001957162089176512e-01,-1.515025855716181757e+00,7.520424561618875847e-01
9.912347423918280720e-01,-9.923080286061088107e-02,-1.510907822024777580e+00,7.503515343561075746e-01
9.968446485650988009e-01,-9.927729960484063532e-02,-1.500508114551827754e+00,7.479408478249192083e-01
9.911009903590777270e-01,-9.917008661160239824e-02,-1.499259439050796505e+00,7.474256643560338587e-01
1.003106958392475212e+00,-1.002999643927291601e-01,-1.501209138609979288e+00,7.483204626913201318e-01
9.943209926028666601e-01,-1.000613079658285026e-01,-1.498592416437478425e+00,7.472961379972371532e-01
9.971081102435650489e-01,-9.937419107874057023e-02,-1.513020558162883944e+00,7.512964882219717033e-01
9.937124735839845124e-01,-9.926999035968929463e-02,-1.509521014304948006e+00,7.502825165976139132e-01
1.006185527309156669e+00,-1.000364579040618762e-01,-1.518182038473902429e+00,7.533594140102845005e-01
9.936841119451654825e-01,-9.974620043009897741e-02,-1.513721938061590055e+00,7.515507080296739417e-01
9.983948007750076403e-01,-1.002432117499118536e-01,-1.512056610853522054e+00,7.513484499880882517e-01
9.945734792320293227e-01,-1.002061568511382755e-01,-1.501343954165104577e+00,7.483699804327345051e-01
1.006681270913236448e+00,-1.004190421662089078e-01,-1.504976083604590231e+00,7.498630103079795273e-01
9.993656995973482227e-01,-9.986912255716341724e-02,-1.495343816420280580e+00,7.471390925488411439e-01
9.963106104255928797e-01,-9.957165739839636542e-02,-1.498537635263420764e+00,7.481688606251098994e-01
1.005936054175566197e+00,-1.009390187493347801e-01,-1.506507930449066057e+00,7.504426522193081706e-01
9.914288738665060219e-01,-9.927928559284056320e-02,-1.513054663652865450e+00,7.517977825707268247e-01
9.958532695514806798e-01,-9.973685336939390467e-02,-1.508620023455639281e+00,7.507790553612302409e-01
9.936631573850719379e-01,-9.954070718756503899e-02,-1.512053523636109897e+00,7.515800042142852799e-01
9.980311881838106469e-01,-1.004891537548850133e-01,-1.515782899816229712e+00,7.527290466674005920e-01
9.977165291645087031e-01,-1.001183532506553509e-01,-1.514575662365253983e+00,7.525310603088833927e-01
9.977165291645087031e-01,-1.001183532506553509e-01,-1.514575662365253983e+00,7.525310603088833927e-01
1.005811496763349355e+00,-1.007106336277021064e-01,-1.509602471682907732e+00,7.514560667909052638e-01
1.000287080209419477e+00,-1.002616045164587688e-01,-1.506597597773805752e+00,7.501742804724168545e-01
1.008130626137728303e+00,-1.005038408180126269e-01,-1.507273956344649557e+00,7.504487063570223215e-01
9.869126566034895909e-01,-9.883851366614783418e-02,-1.519746786467260913e+00,7.530257699265667792e-01
1.003360537452985035e+00,-1.008599260333055275e-01,-1.522374442969106401e+00,7.542315978730017578e-01
1.001716032535515888e+00,-9.990273965624615893e-02,-1.513351785850046927e+00,7.518946725894429806e-01
1.002990272999577881e+00,-1.007623708809896601e-01,-1.514842809788820910e+00,7.522184317966742473e-01
9.969381823821857891e-01,-1.001267479925460474e-01,-1.517718932510659258e+00,7.528693084481848929e-01
1.002577289103144143e+00,-9.985873037803497110e-02,-1.502466467935521299e+00,7.490792593317437964e-01
9.946228998865980220e-01,-9.978678113172181896e-02,-1.517003363256408166e+00,7.525294537643326676e-01
1.000203052049025709e+00,-1.000698194368273286e-01,-1.501951727681297699e+00,7.491465275691723269e-01
1.004936594895974089e+00,-1.005566213695499173e-01,-1.519514166453509674e+00,7.540067000296015731e-01
1.005092367123408659e+00,-1.002025914946244184e-01,-1.524486509691053815e+00,7.552977362091750635e-01
9.896644617556576984e-01,-9.892798240368032292e-02,-1.523025855786222182e+00,7.543991986879513556e-01
9.984157267905255928e-01,-1.000957214684554258e-01,-1.518544701601505675e+00,7.533524500043067285e-01
1.002707934923329880e+00,-1.004042463438347133e-01,-1.511533395009422742e+00,7.516466828189627414e-01
9.953917610823717066e-01,-9.971623194796358503e-02,-1.511475422250405432e+00,7.511992869059771483e-01
1.000112813756741659e+00,-1.000167871194068414e-01,-1.510418391499481539e+00,7.510262471483729607e-01
9.999176462535427357e-01,-9.986368659048751317e-02,-1.518007365495005034e+00,7.528206146408125132e-01
9.998708768491341159e-01,-9.977714949250272858e-02,-1.515765224637265485e+00,7.522534348127521975e-01
9.973319358397166878e-01,-9.993741800985887769e-02,-1.518616495681227585e+00,7.530601427791463465e-01
9.991032251632752104e-01,-1.000030289555408763e-01,-1.502959474575600085e+00,7.490699029824765542e-01
9.926928567932967740e-01,-9.934932542755908758e-02,-1.508520408199915286e+00,7.502975788475196861e-01
9.985543245810354351e-01,-1.002042957392537265e-01,-1.515307290175073263e+00,7.521827097439726106e-01
1.001062645310850652e+00,-1.000389446118507969e-01,-1.504042029155634008e+00,7.496020725043378574e-01
1.002392873107200044e+00,-1.000895172887417001e-01,-1.498688190905276718e+00,7.481843915393722177e-01
9.922370659740107346e-01,-9.986397018706703876e-02,-1.506647404142716029e+00,7.498048058529497295e-01
1.010250500177066524e+00,-1.005042344379040720e-01,-1.505072211187996833e+00,7.500608354084645768e-01
1.001165836016121524e+00,-9.999528437324435581e-02,-1.496922283032943168e+00,7.474144328781083813e-01
9.964883760379109612e-01,-1.002039913498541934e-01,-1.494751749449556133e+00,7.466792377196211916e-01
9.964883760379109612e-01,-1.002039913498541934e-01,-1.494751749449556133e+00,7.466792377196211916e-01
9.989088073311432892e-01,-1.001300445768688874e-01,-1.496070888316969327e+00,7.471177225883889328e-01
9.934972647531218337e-01,-9.938104519804739911e-02,-1.514635954982567423e+00,7.519265156454544297e-01
1.001353826755316367e+00,-9.981174858699294605e-02,-1.517768146284254049e+00,7.530295061164983261e-01
1.002577391584695832e+00,-1.000434533558863803e-01,-1.504034789017717699e+00,7.494361388549113379e-01
9.923990014797399173e-01,-9.975854489485758148e-02,-1.502359118723646914e+00,7.486142131607977923e-01
9.942005614206367303e-01,-9.930003773636623954e-02,-1.506590670501724905e+00,7.497474175087275317e-01
9.978288190744482034e-01,-9.999442639626290874e-02,-1.504352831072212959e+00,7.491288096497152882e-01
9.914680832372775310e-01,-1.001457232653256285e-01,-1.509755706884627902e+00,7.503952325338901774e-01
9.918081964535101491e-01,-1.000683348058967748e-01,-1.507361395193488773e+00,7.498532933418370350e-01
1.008245407372631464e+00,-1.010732437026184843e-01,-1.511802758846531036e+00,7.516576580195225565e-01
9.961575213941238349e-01,-1.001607061683378597e-01,-1.495611340878441275e+00,7.469371950924015291e-01
9.923591172453236631e-01,-9.949236071737828369e-02,-1.504031190093105819e+00,7.490749872371154083e-01
9.949802337517019701e-01,-9.987693646362871824e-02,-1.501793530857540526e+00,7.485522079682159768e-01
9.941618028484126013e-01,-1.004807828579563633e-01,-1.491316865916682222e+00,7.456770851144229884e-01
1.004027598152626100e+00,-9.986536666374147553e-02,-1.497841166098881072e+00,7.479248993971141513e-01
9.977052377826687302e-01,-1.000166948830508024e-01,-1.503953758247986272e+00,7.492632401058630931e-01
1.002278779499716999e+00,-1.003684538756823424e-01,-1.505292831493114880e+00,7.497883656776057615e-01
1.001227475031690961e+00,-9.999859297351959553e-02,-1.505364789302463979e+00,7.497896072930192446e-01
9.950180251687735788e-01,-9.947351080207614271e-02,-1.504186293812550312e+00,7.493180618291751527e-01
1.001185231207802673e+00,-1.000547340361986198e-01,-1.520874900102140437e+00,7.540971585223772422e-01
9.913927281546898174e-01,-9.966788902708491327e-02,-1.506919201629973726e+00,7.499237872857342779e-01
1.004889822185353498e+00,-1.000896194128540057e-01,-1.497745208592459631e+00,7.481023119978461589e-01
1.001804273781862875e+00,-1.004229287244867708e-01,-1.500630335036137186e+00,7.487221904383459803e-01
9.944921095485709239e-01,-9.921556842338170867e-02,-1.511574788103461353e+00,7.514835007980508186e-01
9.989411875009179820e-01,-1.003385073610331274e-01,-1.496662398786626103e+00,7.478655774766206354e-01
1.000998876801351800e+00,-1.000811736485068687e-01,-1.507963628122451549e+00,7.510631511466969723e-01
1.000219442821441262e+00,-9.987613491719088410e-02,-1.507862127879096903e+00,7.508356449170497937e-01
1.005691052636813465e+00,-1.005881173336300866e-01,-1.499404188690345530e+00,7.488657720957981878e-01
1.002147405077347342e+00,-1.001825775535175184e-01,-1.502846571292550504e+00,7.497828530477487208e-01
1.001566421168134324e+00,-1.000951462280760818e-01,-1.503918041894071189e+00,7.501657343926948496e-01
9.938043692451118405e-01,-1.000826498754781857e-01,-1.494120235851787326e+00,7.474421953017226228e-01
1.012088475964910916e+00,-1.004581113379341140e-01,-1.511670346385333374e+00,7.525671375233043969e-01
9.900822177510889555e-01,-9.976011852129948454e-02,-1.509060540015474627e+00,7.509881286805656364e-01
1.002024171464194202e+00,-9.979141494770590870e-02,-1.511102479351090544e+00,7.519831951503642697e-01
9.931089133625781162e-01,-1.002631080364548566e-01,-1.508058062460490456e+00,7.507366216477187049e-01
1.003535053870601601e+00,-1.006279486371644827e-01,-1.518346285096926040e+00,7.538655825092013263e-01
9.997772219939767835e-01,-9.975001293055442420e-02,-1.516606723354431585e+00,7.533099581842381820e-01
9.997772219939767835e-01,-9.975001293055442420e-02,-1.516606723354431585e+00,7.533099581842381820e-01
9.982540915719717578e-01,-1.002034115143078663e-01,-1.519626799789320248e+00,7.540186079484466619e-01
9.966556006620601593e-01,-9.950767794168462188e-02,-1.509079163909598620e+00,7.511502567302804634e-01
1.004784761444682761e+00,-9.972034954902507520e-02,-1.508028800228558453e+00,7.514203443169992225e-01
9.939441355335981720e-01,-9.960600808668031159e-02,-1.498711479029904758e+00,7.487305532804683361e-01
9.939519183113577627e-01,-9.987090902666080627e-02,-1.506428196044334644e+00,7.508053435343369220e-01
1.002421936721290319e+00,-1.002458211251362613e-01,-1.507533643920676569e+00,7.514168847650385397e-01
1.001967326298064176e+00,-1.003543261804202280e-01,-1.508608698424807715e+00,7.516071922168395814e-01
9.969062688463216082e-01,-9.993723492018052879e-02,-1.508949406808840266e+00,7.515387360425326291e-01
9.973461922040790517e-01,-9.981346965357182355e-02,-1.520006480277812377e+00,7.544454535985465338e-01
1.001259558584964182e+00,-9.981600187515100864e-02,-1.517364184446112318e+00,7.539196307248284823e-01
9.974002685438397853e-01,-1.000335890518659898e-01,-1.515417809093221324e+00,7.532304594117948948e-01
9.933652215498665061e-01,-9.984163213687362315e-02,-1.506853514746257394e+00,7.508177848386683451e-01
1.005881789047313957e+00,-1.002714382612212851e-01,-1.512981070969899644e+00,7.530029852404090951e-01
9.944510869953280263e-01,-1.000763608109088987e-01,-1.507510046382677604e+00,7.510474086367679991e-01
1.007353491009101765e+00,-1.009224722565488508e-01,-1.499954746530235639e+00,7.496600333351042256e-01
9.872422261381584851e-01,-9.968782910053353152e-02,-1.502713990286515200e+00,7.497053379234741577e-01
1.001055459588975127e+00,-1.006591574692738272e-01,-1.496816951257562645e+00,7.486800201245447095e-01
1.008149429948873355e+00,-1.011391420223016480e-01,-1.505161658017118986e+00,7.510422451314547887e-01
9.907253018099638764e-01,-9.944654704495173303e-02,-1.512617996477820803e+00,7.523527574253479067e-01
9.962354842264454780e-01,-9.951919927762324647e-02,-1.509195472102906166e+00,7.516263915257259676e-01
1.001759708758226841e+00,-1.004925840141305260e-01,-1.500082291785412858e+00,7.492460057106307136e-01
9.889668022082728216e-01,-9.920414134884410207e-02,-1.507638147519708482e+00,7.508098864795675897e-01
9.988928836515535981e-01,-9.986395083469006007e-02,-1.515382635822154711e+00,7.530606443567389174e-01
9.888871315491680747e-01,-9.963520358763153228e-02,-1.501817617227206858e+00,7.490643364247437930e-01
9.903185690643382388e-01,-9.977537974496181183e-02,-1.507058251533706983e+00,7.503703613090743074e-01
1.000531725204786504e+00,-9.992452401371369752e-02,-1.517215501806921774e+00,7.533838165616538740e-01
9.953149958201369385e-01,-9.984439117833386612e-02,-1.509750681739262967e+00,7.511941088942140077e-01
1.002431394746315263e+00,-1.004067947232527985e-01,-1.499013266839459790e+00,7.485548370973433840e-01
9.812269515574382206e-01,-9.876165425633802453e-02,-1.502903175079232101e+00,7.487342716322593628e-01
9.966308894091584492e-01,-9.989041552426553006e-02,-1.496059873034040200e+00,7.474512478358593670e-01
1.005806584794035619e+00,-1.005575514691503247e-01,-1.509810878362395137e+00,7.513979513422049950e-01
9.936215193548996183e-01,-9.947587390352254089e-02,-1.500207107125529848e+00,7.486058383365774560e-01
1.001223593928174393e+00,-9.998105617869547379e-02,-1.508385474101197721e+00,7.512217704489337899e-01
9.840855795922881510e-01,-9.956914337905772849e-02,-1.514843978193217255e+00,7.523547460695519939e-01
1.002752159929518827e+00,-1.001888992273933521e-01,-1.504979254074189088e+00,7.504484367667281219e-01
1.000011667753085476e+00,-1.003102241422672847e-01,-1.500418549370380994e+00,7.490202004069647090e-01
1.006107561889662438e+00,-1.006304326663591264e-01,-1.502352020531844357e+00,7.497673114668695904e-01
9.990703798445287331e-01,-1.001378306775889543e-01,-1.499691911946135603e+00,7.489159476296739504e-01
9.994425978473885364e-01,-1.003106113907048375e-01,-1.503045273246119251e+00,7.498467762823459726e-01
9.952334729264337154e-01,-9.931185776494277917e-02,-1.511201444536506511e+00,7.518854109559774956e-01
9.964478812815338316e-01,-9.994964233942435494e-02,-1.517977542258330148e+00,7.535856366746906954e-01
9.964478812815338316e-01,-9.994964233942435494e-02,-1.517977542258330148e+00,7.535856366746906954e-01
9.919755279739853604e-01,-1.000540420680622600e-01,-1.510654535625549411e+00,7.515643587893449107e-01
9.920108918645882401e-01,-9.923903992170121646e-02,-1.512825785536614287e+00,7.521161465344267105e-01
1.002934522981493881e+00,-1.004945587641448701e-01,-1.514667640507034951e+00,7.530195834532384946e-01
9.970415793227630497e-01,-1.002038484666357560e-01,-1.515673608540783590e+00,7.530770589581451402e-01
1.001859784433486666e+00,-1.005409121538719530e-01,-1.516777662458116849e+00,7.538254672269384393e-01
1.000615739980927232e+00,-1.003643611996969387e-01,-1.513557965917744497e+00,7.529070646736756300e-01
9.948016237847835397e-01,-1.003784835712419332e-01,-1.505283662443501758e+00,7.503135713006511276e-01
1.002117881011800993e+00,-1.007552532538258522e-01,-1.508543882895611254e+00,7.513699944043774614e-01
9.954841604554495182e-01,-1.001991815065719910e-01,-1.523151443579242814e+00,7.550229095871948681e-01
9.919568554120778980e-01,-1.001006224151378410e-01,-1.514970821649197275e+00,7.525929101630781659e-01
9.955577113876296069e-01,-1.006523019231697347e-01,-1.520036564537251556e+00,7.538938902608181003e-01
1.001470785566767940e+00,-1.007650395919517106e-01,-1.527787866390485361e+00,7.560804431952558025e-01
9.910180647290113276e-01,-1.004092697312252147e-01,-1.504530619897826105e+00,7.495142316005336536e-01
9.954627699100357940e-01,-1.005385626917856962e-01,-1.508196211521031671e+00,7.506275442381048491e-01
1.000162677009869716e+00,-1.006231271397724086e-01,-1.501563938795312581e+00,7.490941233607871785e-01
1.001313689964798526e+00,-1.007496973932924117e-01,-1.510661446504394156e+00,7.514914563006074300e-01
9.986543834768262240e-01,-1.000209600685291467e-01,-1.524610296436277324e+00,7.552554259072855602e-01
9.935881435584505983e-01,-9.996101557337877530e-02,-1.513213895008461929e+00,7.520470719421377126e-01
1.002993026523477882e+00,-1.012872243056904542e-01,-1.505671255896682492e+00,7.504038185853790788e-01
9.981922850043518647e-01,-1.003986442889662906e-01,-1.495117355047147045e+00,7.475842013549388598e-01
9.934723166844299236e-01,-1.002238284669022955e-01,-1.499144941984827950e+00,7.485180557033843662e-01
9.950556608690180882e-01,-1.003592850918608448e-01,-1.510951210020598401e+00,7.520398651660628042e-01
1.005622445131348242e+00,-1.010832977134241556e-01,-1.526212741152505936e+00,7.566577244856611539e-01
9.974735096496336606e-01,-1.007607472994984654e-01,-1.515550368181694862e+00,7.538375667405263769e-01
9.922494464077755705e-01,-9.959974045500623319e-02,-1.508682753500044882e+00,7.520698960615056494e-01
9.922494464077755705e-01,-9.959974045500623319e-02,-1.508682753500044882e+00,7.520698960615056494e-01
1.002310608519750845e+00,-1.003912271523149241e-01,-1.517725883275429233e+00,7.546900442584901780e-01
9.923926154856048676e-01,-9.996061475686356113e-02,-1.523738133963107089e+00,7.559210309069838152e-01
9.970908158517306497e-01,-9.999861070415123898e-02,-1.512329507223038494e+00,7.530626710947289082e-01
9.966559542681865391e-01,-9.990101186439778735e-02,-1.503575060121454587e+00,7.505305280635536924e-01
9.951130510413199737e-01,-9.955805313571876314e-02,-1.522427713889665579e+00,7.553629016912878358e-01
9.970101179640852296e-01,-9.973400914784165405e-02,-1.517129103655189937e+00,7.542884561539029420e-01
1.001185172926310152e+00,-1.004288435584729661e-01,-1.521693451781962247e+00,7.556758984708955573e-01
9.956938334096683274e-01,-1.001268471701245305e-01,-1.511618164706137080e+00,7.527738790242132216e-01
9.971274564298751031e-01,-9.994565817526666895e-02,-1.501077011171525033e+00,7.500768275464514412e-01
9.954462837061163194e-01,-9.989965609923502632e-02,-1.497602931353412936e+00,7.491982741498705023e-01
1.002635025627369947e+00,-1.002094903654185132e-01,-1.497581188564844235e+00,7.496545448264376743e-01
9.992290938161861868e-01,-1.007805553236240798e-01,-1.493881722718160887e+00,7.483627239326650082e-01
9.950540904934520592e-01,-1.002940324282678153e-01,-1.484212397570649822e+00,7.455002367091108084e-01
9.991712800288249374e-01,-1.003065950028896036e-01,-1.491971638116808441e+00,7.477744106864341322e-01
1.001617997095632706e+00,-1.008763350784273871e-01,-1.501700724718521673e+00,7.504969060230555211e-01
9.961257676371024772e-01,-1.002444093914053314e-01,-1.505997383432142955e+00,7.516599990124602781e-01
9.944617631854901774e-01,-9.992599547122914261e-02,-1.503386200334320355e+00,7.509112954868026879e-01
1.000196448076836386e+00,-1.000553923536688650e-01,-1.505860281792840816e+00,7.513512537460029783e-01
1.008504014537979332e+00,-1.011329478590089342e-01,-1.504812924035440425e+00,7.513646433020070292e-01
1.005394721283018766e+00,-1.005950281170554100e-01,-1.501981349348563421e+00,7.505050396820479586e-01
9.946150500962847030e-01,-1.001032312547282255e-01,-1.516802948148712860e+00,7.543463441920841284e-01
9.956459808532844846e-01,-1.000940454086120951e-01,-1.512354194723404488e+00,7.530205289669800184e-01
1.004774481339738124e+00,-1.000775212335592163e-01,-1.519135141837045566e+00,7.551791202268007819e-01
9.924004950677262071e-01,-9.980418832212982483e-02,-1.518218576317628798e+00,7.544526896662415716e-01
9.974530811573444344e-01,-1.003826472115092600e-01,-1.509312624030505035e+00,7.523334848001955732e-01
1.004649997204237311e+00,-1.002713465768364370e-01,-1.517796543115033980e+00,7.548551446750760840e-01
9.943527436081802673e-01,-9.971313616676222291e-02,-1.508826129888062750e+00,7.521117267059492795e-01
9.900985308620461334e-01,-9.964028712086203665e-02,-1.509336145963058318e+00,7.521258485088564427e-01
1.002980105065850447e+00,-1.005738723630649339e-01,-1.515150551417612457e+00,7.540958842366821679e-01
9.959412515925286646e-01,-9.977803406257136631e-02,-1.518770802649954677e+00,7.548378112745429691e-01
1.001583268892383138e+00,-1.004671676801503766e-01,-1.509204475693918468e+00,7.525091627998983235e-01
1.000321740713712382e+00,-1.000251192592191557e-01,-1.510367257090214244e+00,7.528025100948922965e-01
9.933940155276137496e-01,-9.948898158555882776e-02,-1.506404346521980298e+00,7.514619995376879968e-01
1.003372782087865511e+00,-1.008343898290154500e-01,-1.501426676367695778e+00,7.505072118810598436e-01
9.985894630188598686e-01,-1.003620343318389202e-01,-1.490587342969210471e+00,7.476432007343967179e-01
1.000162940910026110e+00,-1.002381469650671514e-01,-1.494824801357409250e+00,7.488397836699629551e-01
1.008038296666237343e+00,-1.006375542855820343e-01,-1.496621506978979443e+00,7.496105996770191515e-01
9.978076311557495526e-01,-1.006142569840747653e-01,-1.510932857871658985e+00,7.531067733027962952e-01
9.995566298940911087e-01,-1.002592025033006568e-01,-1.496993118972679060e+00,7.493695520114919129e-01
1.003585469299762778e+00,-1.006782207373266014e-01,-1.510513996840677997e+00,7.530115872681595324e-01
9.981754603357740896e-01,-1.000053227329497779e-01,-1.526288219135418345e+00,7.570410781989429516e-01
9.931657007291319061e-01,-9.946627138534056001e-02,-1.514955496051323847e+00,7.537325576296078911e-01
1.002329686541315823e+00,-1.001627795871300741e-01,-1.506205489461966307e+00,7.514821952150068096e-01
9.938053401546196319e-01,-9.980786989287157573e-02,-1.521905310250907251e+00,7.557583020653104722e-01
9.966357704440312881e-01,-9.964212669854437265e-02,-1.512865800293614615e+00,7.535759662472244491e-01
9.905968121277485272e-01,-9.959454285090392489e-02,-1.521961045386183597e+00,7.553988810010746624e-01
9.991039538389563379e-01,-9.976968462306527730e-02,-1.517650886160152313e+00,7.545386032137140209e-01
1.004404295400512348e+00,-1.005105375585411409e-01,-1.511195723563824478e+00,7.530390835321334464e-01
9.999356171438281704e-01,-1.000164415816979374e-01,-1.507965281308565553e+00,7.521336906167437331e-01
1.003856465807204446e+00,-1.008374645465546643e-01,-1.508266518650059895e+00,7.523107448204108261e-01
1.002739578489427963e+00,-1.002549614228704228e-01,-1.499248287079792075e+00,7.499263390154045084e-01
9.973836401772055993e-01,-1.002947040628619918e-01,-1.491925663026932636e+00,7.477765449840471090e-01
1.003674119206065640e+00,-1.004428704668409028e-01,-1.508101444013205672e+00,7.523197331991779979e-01
1.007212440817901733e+00,-1.005696703303309847e-01,-1.505229765294267219e+00,7.516961515404946281e-01
9.943591654660558499e-01,-9.947261302322768506e-02,-1.504079127529049265e+00,7.509638936439213541e-01
9.997314883525251217e-01,-1.000840013969028636e-01,-1.514090562182782262e+00,7.537377861405537560e-01
1.006211512177882517e+00,-1.004715363349047152e-01,-1.501319255104168304e+00,7.505762963174983371e-01
9.987535093118988794e-01,-1.004949665840247364e-01,-1.494180192932808460e+00,7.483516389112347955e-01
9.935463327675400080e-01,-9.945276100133684793e-02,-1.502422739085117698e+00,7.504143843252720769e-01
1.002446771268561854e+00,-1.005864850099544572e-01,-1.496453897178658732e+00,7.491191513272974500e-01
1.002125710386513546e+00,-1.005537815259790052e-01,-1.514062688859328709e+00,7.537651049093400113e-01
9.895906794132214301e-01,-9.920291373079062613e-02,-1.517250390751595512e+00,7.541693190568166116e-01
1.008129840689092394e+00,-1.009614818291442589e-01,-1.508613917433512697e+00,7.527239053801676461e-01
9.958914016324772467e-01,-9.966406586811009383e-02,-1.515693896127899842e+00,7.539320459774244698e-01
1.002647120985157958e+00,-9.989140453924523488e-02,-1.507513622380032281e+00,7.519059906215851408e-01
9.881910647169275252e-01,-9.932158699116000466e-02,-1.522729116135061123e+00,7.554418806170029033e-01
9.949066236071026914e-01,-9.978025516974500797e-02,-1.523763223064838801e+00,7.559457502477334723e-01
9.949066236071026914e-01,-9.978025516974500797e-02,-1.523763223064838801e+00,7.559457502477334723e-01
9.933940221910522173e-01,-9.952398768717557465e-02,-1.536381485086348642e+00,7.592672526302345348e-01
9.927458255812661170e-01,-9.946072526716003004e-02,-1.529650379208576050e+00,7.575223328950058121e-01
1.007197672523643783e+00,-9.995371900841269752e-02,-1.523569483739891650e+00,7.564623266046339722e-01
9.936806949427606783e-01,-9.991263277193621062e-02,-1.519406880716528629e+00,7.549352681037027057e-01
9.936806949427606783e-01,-9.991263277193621062e-02,-1.519406880716528629e+00,7.549352681037027057e-01
9.863893202115427972e-01,-9.951231911274112385e-02,-1.526377442290378639e+00,7.565148761253021048e-01
9.993795728129126754e-01,-1.001129136155532173e-01,-1.518680764704546382e+00,7.548763995536641458e-01
1.001924451412541384e+00,-9.976610709178768133e-02,-1.513682457205908660e+00,7.537013965569383522e-01
9.931177960804528082e-01,-9.962904127922786457e-02,-1.522946098912661306e+00,7.557948628787779510e-01
9.990602829304534582e-01,-9.987979931426212155e-02,-1.525360352868606162e+00,7.566337778480493048e-01
9.956534693456652318e-01,-9.990350510373036119e-02,-1.526254693481335023e+00,7.567084859370818428e-01
9.959981828743104115e-01,-1.004959338044883882e-01,-1.522544834538178904e+00,7.556886479836527615e-01
9.912120676841323919e-01,-9.942960008354417845e-02,-1.511228188022772922e+00,7.525855321305702228e-01
1.000143806416976755e+00,-9.986117154706547483e-02,-1.516974856698501295e+00,7.544227057505064060e-01
9.924942923155588570e-01,-9.986011986315443401e-02,-1.515120603263200083e+00,7.537182877861968722e-01
1.003150976069876910e+00,-1.005835813175055965e-01,-1.519445379185843770e+00,7.550447292804765009e-01
9.956261639329214708e-01,-9.980446681705047729e-02,-1.503620861764088268e+00,7.505680354555991363e-01
9.924452170715964971e-01,-9.922557715291012437e-02,-1.511408254258871597e+00,7.524853657322519984e-01
9.976039721596311471e-01,-1.003370216510407198e-01,-1.515218889099682498e+00,7.535548526457576113e-01
9.859567288110739902e-01,-9.909564782034364916e-02,-1.517987332798129696e+00,7.539230790570639051e-01
1.004519310925685360e+00,-1.007356129925697508e-01,-1.522399195534571703e+00,7.556159085923741525e-01
9.931331873838291635e-01,-9.972917702316497213e-02,-1.507361130997121323e+00,7.513121919449602393e-01
9.931331873838291635e-01,-9.972917702316497213e-02,-1.507361130997121323e+00,7.513121919449602393e-01
1.000869866236702599e+00,-1.001103052563376561e-01,-1.518499593962066241e+00,7.545402774624961895e-01
9.906035092450563573e-01,-1.002841115789656484e-01,-1.505154825492455828e+00,7.505775553094794494e-01
1.000847775096818326e+00,-1.001773746133835657e-01,-1.501602201926781399e+00,7.500806087433079528e-01
1.001606592266016227e+00,-1.006451517751757174e-01,-1.500817275313231614e+00,7.498603006168019780e-01
1.001606592266016227e+00,-1.006451517751757174e-01,-1.500817275313231614e+00,7.498603006168019780e-01
9.983527650896992789e-01,-1.001849303389326235e-01,-1.506482054900484924e+00,7.512719000581793427e-01
1.004715465456035517e+00,-1.008378625791661182e-01,-1.513243562220813354e+00,7.532537565928816292e-01
1.001604523253933454e+00,-1.006798554430554937e-01,-1.495784497505763033e+00,7.485409922604967514e-01
9.971765343812964977e-01,-9.974003961809232988e-02,-1.508192065355181022e+00,7.517958177971977296e-01
9.967267407811668534e-01,-1.001110880352842208e-01,-1.526475104474825040e+00,7.566357668564334116e-01
9.953674690036856676e-01,-9.943338354626062026e-02,-1.515611201348524784e+00,7.538765359892437568e-01
9.953674690036856676e-01,-9.943338354626062026e-02,-1.515611201348524784e+00,7.538765359892437568e-01
9.963583510243018138e-01,-9.982148887112016200e-02,-1.523200581414665855e+00,7.558993348070248697e-01
9.990584001171360917e-01,-1.000855638016448917e-01,-1.516327217144301631e+00,7.541354036996540389e-01
9.990584001171360917e-01,-1.000855638016448917e-01,-1.516327217144301631e+00,7.541354036996540389e-01
9.924068901023692657e-01,-9.977055886595266598e-02,-1.512762124276755715e+00,7.531028154504136873e-01
9.924068901023692657e-01,-9.977055886595266598e-02,-1.512762124276755715e+00,7.531028154504136873e-01
1.007300673115303802e+00,-1.009604483383834406e-01,-1.512605333528540319e+00,7.536855847470270708e-01
9.976974248078888108e-01,-1.004807089878285431e-01,-1.514965228366278449e+00,7.539583032715467814e-01
1.003978159417572513e+00,-1.002604313091033372e-01,-1.499341354616111621e+00,7.502189154705618535e-01
1.003323230679391331e+00,-1.004164645141493867e-01,-1.499949706695659302e+00,7.504125308594349342e-01
9.859999290553277396e-01,-9.893168262536659874e-02,-1.505922007261378370e+00,7.515449954449764380e-01
1.001221202822805800e+00,-1.004408617551863225e-01,-1.494397949728510255e+00,7.492387846942811791e-01
1.001221202822805800e+00,-1.004408617551863225e-01,-1.494397949728510255e+00,7.492387846942811791e-01
1.005739435024361805e+00,-1.006831780502989715e-01,-1.494473563208438938e+00,7.494528443892770619e-01
1.001182108312339114e+00,-1.000311300514722529e-01,-1.493708123712123914e+00,7.492516138526367220e-01
1.002389694017837618e+00,-1.004248246754786134e-01,-1.504283617746024371e+00,7.520164980152490575e-01
1.008758635579352747e+00,-1.008182556044279615e-01,-1.507391857688352932e+00,7.528717851240341874e-01
1.008758635579352747e+00,-1.008182556044279615e-01,-1.507391857688352932e+00,7.528717851240341874e-01
9.842015690700612884e-01,-9.925643613942432275e-02,-1.507051707349703396e+00,7.521050688247272742e-01
1.002346164338110857e+00,-1.006272988984610178e-01,-1.509793655110839516e+00,7.532548690170023376e-01
9.946983503713264785e-01,-1.000332187167248393e-01,-1.512909572638409639e+00,7.538216165308526673e-01
1.002028522686151391e+00,-9.991478540189346891e-02,-1.518755690599447483e+00,7.556248543121532046e-01
9.989245505984151174e-01,-9.984342307123118820e-02,-1.523805347264225230e+00,7.566073648035513965e-01
9.924431790649268503e-01,-9.930349952412861891e-02,-1.514575654743240740e+00,7.541955934937925043e-01
9.996247746277532320e-01,-9.984664183071684240e-02,-1.505778289676619863e+00,7.519745684897188864e-01
9.894396305342966214e-01,-9.911973368415316621e-02,-1.504865566570760871e+00,7.510756260116433491e-01
9.934032740157197061e-01,-9.997424403478476218e-02,-1.508526316682058832e+00,7.524066773720278212e-01
9.982543192289375922e-01,-1.000297445549480635e-01,-1.521540462877899458e+00,7.561285231337050439e-01
9.985746395034897915e-01,-1.001479576722976855e-01,-1.513443115849502307e+00,7.536234213775341306e-01
9.926998218355755910e-01,-9.968368339456432081e-02,-1.497673725376610809e+00,7.494242139402840230e-01
1.001079573661496580e+00,-1.007278516771943910e-01,-1.499851163320369274e+00,7.506714011385094976e-01
9.954358196102975898e-01,-1.000576502397352713e-01,-1.518942090353891716e+00,7.562530694213632776e-01
9.970952207358771968e-01,-1.006452831037044499e-01,-1.512207192289764190e+00,7.544816002350932527e-01
9.914666927196758017e-01,-9.960999142111325033e-02,-1.517840682036474709e+00,7.557652048314703608e-01
1.009993429385417141e+00,-1.008575651409279877e-01,-1.512590628271613724e+00,7.549712760044584581e-01
1.009993429385417141e+00,-1.008575651409279877e-01,-1.512590628271613724e+00,7.549712760044584581e-01
9.960693929738595465e-01,-1.001175042458792991e-01,-1.505508140108336557e+00,7.528503645261178656e-01
9.993932098078520676e-01,-1.001823238304523078e-01,-1.501771997526555324e+00,7.521801487058146218e-01
9.997266264887485487e-01,-1.002655019102943745e-01,-1.497903454354214237e+00,7.510699505708379187e-01
1.002136122601476886e+00,-1.005894467712726004e-01,-1.494853735576941123e+00,7.506223496680192175e-01
9.961842611545632664e-01,-1.001449194122812636e-01,-1.501301672093359851e+00,7.526524957332383359e-01
1.000977097526702497e+00,-1.008942546027579296e-01,-1.497087308381924720e+00,7.514940110285350805e-01
9.933723648544343643e-01,-1.001161535558543481e-01,-1.504915470203463279e+00,7.533106312504529445e-01
9.952747101952655884e-01,-1.002213512296569742e-01,-1.511051791032439695e+00,7.551857181536357766e-01
9.875621947064512351e-01,-9.965041409327707322e-02,-1.517958091445756441e+00,7.566845119513881945e-01
1.000743434663772469e+00,-1.004940509331327531e-01,-1.513624352498496028e+00,7.559513050590270788e-01
9.988273725408111092e-01,-1.003144985188032801e-01,-1.512230858062802108e+00,7.553297977319748391e-01
9.946032853419803921e-01,-9.991290670043898037e-02,-1.518814893053698434e+00,7.570305798185482660e-01
9.954088717769098427e-01,-9.998116196885471763e-02,-1.516225700519094666e+00,7.561599683564146357e-01
9.980203443073094594e-01,-1.000075452854203573e-01,-1.509738769047210827e+00,7.541885761960616108e-01
1.005781201598078267e+00,-1.004519002804520195e-01,-1.502326927046396809e+00,7.521685252662962951e-01
1.001282919700217766e+00,-1.003204980232891980e-01,-1.493962262625189386e+00,7.509683817407022399e-01
1.005745008561501175e+00,-1.004858820957536952e-01,-1.502430620746256107e+00,7.528056773347013841e-01
9.975526793178844942e-01,-1.000226208289213131e-01,-1.492443555879919170e+00,7.492595588905955895e-01
1.004705668425730281e+00,-1.005696002723565352e-01,-1.490094974138809425e+00,7.492726847309911786e-01
1.003922886277190729e+00,-1.004915945074974643e-01,-1.498771110829312470e+00,7.517374919599182359e-01
